Workbook

Sheet KATKI PAYI HESAPLAMA
A1: Adı Soyadı | B1: Puanı | C1: Unvan Katsayısı | D1: Ders Saati | E1: Bireysel Net Katkı Puanı | F1: Ek Göstergeler | I1: Unvan Katsayısı
E2: =B2*C2*D2 -> 0 | F2: Profesör | G2: 300 | I2: Profesör | J2: 3
E3: =B3*C3*D3 -> 0 | F3: Doçent | G3: 250 | I3: Doçent | J3: 2.5
E4: =B4*C4*D4 -> 0 | F4: Dr.Öğr.Üyesi | G4: 200 | I4: Dr.Öğr.Üyesi | J4: 2.2
E5: =B5*C5*D5 -> 0 | F5: Öğr.Gör. | G5: 160 | I5: Öğr.Gör. | J5: 2
E6: =B6*C6*D6 -> 0 | F6: Arş.Gör.Dr. | G6: 160 | I6: Arş.Gör.Dr. | J6: 2
E7: =B7*C7*D7 -> 0
E8: =B8*C8*D8 -> 0 | F8: Memur Maaş Katsayısı | I8: saat | J8: adet
E9: =B9*C9*D9 -> 0 | F9: 1.387871 | I9: 10 Puan | J9: 20 PUAN
A10: Öğr. Gör. Dr. Neslihan ÖPÖZ VURAL | B10: 20 | C10: 2 | D10: 5 | E10: =B10*C10*D10 -> 200
E11: =B11*C11*D11 -> 0
E12: =B12*C12*D12 -> 0
E13: =B13*C13*D13 -> 0
E14: =B14*C14*D14 -> 0
E15: =B15*C15*D15 -> 0
E16: =B16*C16*D16 -> 0
E17: =B17*C17*D17 -> 0
D18: =SUM(D2:D17) -> 5
A19: TOPLAM PUAN | E19: =E2+E3+E4+E5+E6+E7+E8+E9+E10+E11+E12+E13+E14+E15+E16+E17 -> 200
A21: DÖNEM EK KATSAYI HESAPLAMA
A22: Dağıtılacak Maksimum Akademik Pay | B22: Toplam Puan | C22: Dönem Ek Ödeme Katsayı | D22: Sağlaması (Toplam Puan X Dönem Ek Katsayı) | E22: =B23*C23 -> 3900
A23: ='DAĞ. MAKS. PAY. HESAPLAMA'!G31 -> 3920 | B23: =E19 -> 200 | C23: 19.5 | D23: Sağlama yaparken sonuç eğer Dağıtılacak Maksimum Akademik Payı aşarsa bir azaltırız katsayıdaki tutarı 1 azaltırız
A25: KURSUN 1 SAATLİK ÜCRETİNİ HESAPLAMA
A26: Bireysel Net Katkı Puanı | B26: Dönem Ek Ödeme Katsayı | C26: Verdiği Ders Saati | D26: Kursun 1 Saatlik Ücreti
A27: =E19 -> 200 | B27: =C23 -> 19.5 | C27: =D18 -> 5 | D27: =A27*B27/C27 -> 780
A30: 1 SAATLİK EK DERS ÜCRETİ HESAPLAMA
A31: Ek Gösterge | B31: Aylık Maaş Katsayısı | C31: Mesai İçi Ek Ders 1 Saatlik Ücreti | D31: Mesai Dışı %60 Artırımlı Ek Ders 1 Saatlik Ücreti
A32: 160 | B32: =F9 -> 1.387871 | C32: =A32*B32*2 -> 444.11872 | D32: =C32*1.6 -> 710.58995
A34: MESAİ İÇİ | B34: Eğer Mesai içi ise Ek Ders Ücretinin 2 Katı ücret alabilir
A35: MESAİ DIŞI | B35: Eğer Mesai dışı ise Ek Ders Ücretinin 3,2 Katı ücret alabilir

Sheet DAĞ. MAKS. PAY. HESAPLAMA
B1: =LİSTE!A1 -> T.C. UŞAK ÜNİVERSİTESİ REKTÖRLÜĞÜ DÖNER SERMAYE İŞLETME MÜDÜRLÜĞÜ DERİ, TEKSTİL UYGULAMA VE ARAŞTIRMA MERKEZİ MÜDÜRLÜĞÜ ÖĞR. GÖR. Dr. Neslihan ÖPÖZ VURAL DANIŞMANLIK HİZMET GELİRLERİ
B4: HESAPLAMA TABLOSU
B6: ÖĞRENCİ SAYISI | E6: BİRİM FİYAT | G6: TOPLAM GELİR
B7: 46 | E7: =ROUND((I27/1.08)+(I28/1.08)+(I29/1.08),2) -> 86620.37 | G7: =I27+I28+I29 -> 93550
G8: =I30 -> 93550
B10: GELİR | E10: %20 KDV | G10: TOPLAM TUTAR
B11: =LİSTE!A18 -> 8000 | E11: =LİSTE!C18 -> 1600 | G11: =LİSTE!D18 -> 9600
B13: GELİRDEN AKTARILACAK PAYLAR
B15: HAZİNE PAYI | G15: =ROUND(B11*0.01,2) -> 80 | H15: 0.01
B16: BİLİMSEL ARAŞTIRMA PROJELERİ PAYI | G16: =ROUND(B11*0.05,2) -> 400 | H16: 0.05
B17: ARAÇ GEREÇ PAYI | G17: =ROUND(B11*H17,2) -> 3600 | H17: 0.45
B18: KATKI PAYI | G18: =B11-(G15+G16+G17) -> 3920
B19: T O P L A M | G19: =G15+G16+G17+G18 -> 8000
B21: KATKI PAYI | H21: =B11-G19 -> 0
B22: GENEL SEKRETER YÖNETİCİ PAYI (%6 | H22: =#REF! -> #REF!
B24: KATKISI BULUNAN AKADEMİK PERSONELLER
B25: ADI SOYADI | E25: KATKI | G25: SAAT ÜCRETİ | H25: DAĞ. TUTAR | I25: TOPLAM
E26: Saat | F26: dönem
E27: 1 | G27: 371600 | H27: =ROUND(H$21/E$30*E27,2) -> 0 | I27: 93550
B30: TOPLAM | E30: =SUM(E27:E29) -> 1 | G30: =SUM(G27:G29) -> 371600 | H30: =SUM(H27:H29) -> 0 | I30: =SUM(I27:I29) -> 93550
B31: DAĞ. MAKS. AKADEMİK PAY | G31: =ROUND(B11*H31,2) -> 3920 | H31: 0.49

Sheet LİSTE
A1: T.C. UŞAK ÜNİVERSİTESİ REKTÖRLÜĞÜ DÖNER SERMAYE İŞLETME MÜDÜRLÜĞÜ DERİ, TEKSTİL UYGULAMA VE ARAŞTIRMA MERKEZİ MÜDÜRLÜĞÜ ÖĞR. GÖR. Dr. Neslihan ÖPÖZ VURAL DANIŞMANLIK HİZMET GELİRLERİ
A2: S.N | B2: T.C. | C2: Açıklama | D2: Tutar
A3: 1 | C3: Fatura kesilenlerin listesi (Hatice hanıma soracağız)
A4: 2
A5: 3
A6: 4
A7: 5
A8: 6
A9: 7
A10: 8
A11: 9
A12: 10
A13: 11
A14: 12
A15: 13
A16: T O P L A M | D16: =D18 -> 9600
A17: GELİR | C17: %20 KDV | D17: TOPLAM
A18: =ROUND(D18/1.2,2) -> 8000 | C18: =D18-A18 -> 1600 | D18: 9600
